email,tent_type,addons,order_id
# C5Z bookings, for the booth check-in. One line per guest.
#   tent_type  Regular | Basis | Plus
#   addons     "Name xN; Name xN"  — leave empty if none
# No tent number here: the booth assigns that on arrival.
# Addresses only ever reach booth.html as a SHA-256 hash.
# --- demo rows, replace with the real export ---
anna.berger@example.com,Plus,Bettwäsche x2; Kühlbox x1; Campingstuhl x2,900001
tobias.klein@example.com,Basis,Bettwäsche x1,900002
lena.hofmann@example.com,Regular,,900003
